,0
0w0,Cluster 5
10sion,Cluster 5
3xHCCH,Cluster 3
=G=,Cluster 1
AKS-6,Cluster 5
A_Different_Drummer,Cluster 3
Aaron1375,Cluster 3
AaronCapenBanner,Cluster 5
AbhiMathews,Cluster 3
Adriane,Cluster 1
Agent10,Cluster 1
AhmedSpielberg99,Cluster 5
Aidan McGuinness,Cluster 3
AirBourne_Bds,Cluster 3
Al_The_Strange,Cluster 3
Alanjackd,Cluster 1
Alexander_Blanchett,Cluster 1
AlsExGal,Cluster 5
Aly200,Cluster 5
AmyJenson1995,Cluster 1
Amyth47,Cluster 1
Andres-Camara,Cluster 5
Andy-296,Cluster 3
Angelus2,Cluster 3
Angeneer,Cluster 2
Angry_Arguer,Cluster 5
Animany94,Cluster 4
AnishMisra,Cluster 1
Anonymous_Maxine,Cluster 1
Antagonisten,Cluster 2
Anurag-Shetty,Cluster 5
Aoi_kdr,Cluster 5
ArchonCinemaReviews,Cluster 5
Argemaluco,Cluster 3
Arkaan,Cluster 1
ArtVandelayImporterExporter,Cluster 1
Atreyu_II,Cluster 5
AudioFileZ,Cluster 1
AvidClimber,Cluster 3
Badmoviessuck,Cluster 1
BandSAboutMovies,Cluster 1
Barky44,Cluster 3
BaronBl00d,Cluster 2
Ben_Cheshire,Cluster 1
BeneCumb,Cluster 5
Benjamin-M-Weilert,Cluster 1
Benjamin_Cox,Cluster 2
Blade_Le_Flambeur,Cluster 3
Blueghost,Cluster 3
Bob Pr.,Cluster 3
Bob-45,Cluster 3
Bogmeister,Cluster 1
BoydudeReviews,Cluster 5
Boyo-2,Cluster 5
Bravesfan17,Cluster 3
BroadswordCallinDannyBoy,Cluster 1
Brogan,Cluster 5
Bruce722,Cluster 3
Bunuel1976,Cluster 3
C22Man,Cluster 5
CANpatbuck3664,Cluster 5
CMTiago,Cluster 5
Calicodreamin,Cluster 5
CandidlyCandid,Cluster 1
Captain_Couth,Cluster 5
Carycomic,Cluster 1
Catherine_Grace_Zeh,Cluster 1
CelluRob,Cluster 5
Chalice_Of_Evil,Cluster 3
CharltonBoy,Cluster 5
Chris Knipp,Cluster 3
Chris_Docker,Cluster 3
ChristianUnchained,Cluster 1
Christian_Dimartino,Cluster 3
Christopher_Reid,Cluster 5
Chuck-149,Cluster 5
CineCritic2517,Cluster 2
CineMuseFilms,Cluster 1
Cineanalyst,Cluster 5
CinemaSerf,Cluster 5
CinematicInceptions,Cluster 1
Cirene404,Cluster 2
ClaytonDavis,Cluster 3
Cocacolaguy912-2,Cluster 2
Corky1984,Cluster 1
Cosmoeticadotcom,Cluster 3
CountZero313,Cluster 5
Coventry,Cluster 3
Coxer99,Cluster 1
CrassActionHero,Cluster 1
Cristi_Ciopron,Cluster 3
CubsandCulture,Cluster 5
CuriosityKilledShawn,Cluster 5
CurtMan@LVCM.com,Cluster 1
DJAkin,Cluster 3
DKosty123,Cluster 3
DUKEJBM,Cluster 1
DVD_Connoisseur,Cluster 1
Dan1863Sickles,Cluster 1
DanB-4,Cluster 5
Danny_G13,Cluster 5
Danusha_Goska,Cluster 1
DareDevilKid,Cluster 5
DarkVulcan29,Cluster 3
Darkside-Reviewer,Cluster 2
DarthBill,Cluster 2
DarthVoorhees,Cluster 3
Darth_Osmosis,Cluster 4
DavidSim240183,Cluster 2
DavidYZ,Cluster 1
David_Frames,Cluster 5
Deckard-16,Cluster 1
DeeNine-2,Cluster 3
Didier-Becu,Cluster 5
Dockelektro,Cluster 3
DonFishies,Cluster 3
Doylenf,Cluster 3
Dr_Coulardeau,Cluster 3
Dr_Sagan,Cluster 1
Dragonsouls,Cluster 3
DunnDeeDaGreat,Cluster 5
EUyeshima,Cluster 3
Ed-Shullivan,Cluster 5
Edvis-1997,Cluster 1
EijnarAmadeus,Cluster 3
Electrified_Voltage,Cluster 2
ElijahCSkuggs,Cluster 1
Elswet,Cluster 1
EmmaDinkins,Cluster 3
EmmettvanHalm,Cluster 1
EmperorNortonII,Cluster 5
Enchorde,Cluster 3
Endless_01,Cluster 5
Equalizer16,Cluster 1
Eternality,Cluster 2
EthanBJones_03,Cluster 3
Eumenides_0,Cluster 2
EvLauster,Cluster 1
ExpendableMan,Cluster 1
FairlyAnonymous,Cluster 5
FallenEye,Cluster 5
Fella_shibby,Cluster 1
Fever,Cluster 2
Fields201,Cluster 5
Figgy66-915-598470,Cluster 1
FilmCriticLalitRao,Cluster 1
FilmFanInTheHouse,Cluster 1
FilmFanatic03,Cluster 2
FilmMan47,Cluster 3
FilmMuscle,Cluster 5
FilmOtaku,Cluster 5
Flagrant-Baronessa,Cluster 5
FlickJunkie-2,Cluster 5
Fluke_Skywalker,Cluster 5
FrankBooth_DeLarge,Cluster 3
GOWBTW,Cluster 1
Galina_movie_fan,Cluster 2
Geeky Randy,Cluster 3
Genti22,Cluster 1
GeorgeRoots,Cluster 3
Gideon24,Cluster 1
GiraffeDoor,Cluster 5
GirishGowda,Cluster 3
Gresh854,Cluster 1
Gubby-Allen,Cluster 5
GusF,Cluster 1
HelenMary,Cluster 3
Hey_Sweden,Cluster 5
Hollywood_Yoda,Cluster 3
Horror-yo,Cluster 3
HotToastyRag,Cluster 3
Howlin Wolf,Cluster 1
HumanoidOfFlesh,Cluster 3
I_Am_The_Taylrus,Cluster 5
I_Love_Spielberg,Cluster 1
Imdbidia,Cluster 2
Indy-52,Cluster 5
Infofreak,Cluster 1
InlyCii,Cluster 5
Irishchatter,Cluster 3
Isaac5855,Cluster 1
J_Batek_II,Cluster 5
Jack the Ripper1888,Cluster 3
Jackpollins,Cluster 3
Jacques98,Cluster 3
JakeBrinkman,Cluster 1
JamesHitchcock,Cluster 5
James_De_Bello,Cluster 5
Jared_Andrews,Cluster 1
JayPatton88,Cluster 3
Jay_Exiomo,Cluster 2
JaydoDre,Cluster 3
Jeremy_Urquhart,Cluster 5
Jerghal,Cluster 5
Jerique,Cluster 2
Jithindurden,Cluster 2
Jo_Blo_Movie_Critic,Cluster 5
JoeB131,Cluster 1
JoeKarlosi,Cluster 3
JoeytheBrit,Cluster 1
JohnRayPeterson,Cluster 5
Johnny-the-Film-Sentinel-2187,Cluster 1
Jonathon_Natsis,Cluster 2
Jonny_Numb,Cluster 2
JoshtheGiant,Cluster 3
K3nzit,Cluster 1
KUAlum26,Cluster 3
KalKenobi83,Cluster 5
Karl Self,Cluster 5
Kdosda_Hegen,Cluster 5
KeremUlucay,Cluster 1
Kingslaay,Cluster 1
KnightsofNi11,Cluster 3
Kubris,Cluster 3
L_Copa,Cluster 5
La Gremlin,Cluster 5
Laakbaar,Cluster 3
Lady_Targaryen,Cluster 2
LazySod,Cluster 3
LebowskiT1000,Cluster 1
Lechuguilla,Cluster 2
Lejink,Cluster 3
LeonardKniffel,Cluster 3
Lewis_Heather787,Cluster 5
Li-1,Cluster 1
Likes_Ninjas90,Cluster 5
Lily_hoho,Cluster 3
LivingDog,Cluster 2
LloydBayer,Cluster 3
LoneWolfAndCub,Cluster 3
Luigi Di Pilla,Cluster 5
MBunge,Cluster 3
MCMAYNERBERRY,Cluster 3
MF210,Cluster 5
MGPT80,Cluster 5
MJB784,Cluster 5
MOscarbradley,Cluster 1
MR_Heraclius,Cluster 3
Macleanie,Cluster 3
Majikat76,Cluster 3
Maleplatypus,Cluster 5
Maniac-9,Cluster 3
Manthorpe,Cluster 3
Marc_Israel_365,Cluster 3
MartianOctocretr5,Cluster 2
Marwan-Bob,Cluster 5
Marx_Bros_Fan86,Cluster 3
MattBrady099,Cluster 5
Matt_Layden,Cluster 2
MattyAndAnnika,Cluster 1
MaxBorg89,Cluster 1
MaximumMadness,Cluster 3
Maziun,Cluster 2
Meltdown53098533,Cluster 2
Meven_Stoffat,Cluster 2
Michael Kenmore,Cluster 3
MichaelMRamey,Cluster 5
MichaelMargetis,Cluster 1
MickeyTheConstant,Cluster 5
MihaiSorinToma,Cluster 3
Mike_Devine,Cluster 5
MikesIDhasbeentaken,Cluster 5
Min111,Cluster 1
MissSimonetta,Cluster 5
Mitch-25,Cluster 2
Mnemosyne15,Cluster 5
Monika-5,Cluster 1
Monotreme02,Cluster 3
Movie Nuttball,Cluster 4
Movie-12,Cluster 2
MovieAlien,Cluster 1
MovieCriticOnline,Cluster 5
MovieGuy109,Cluster 3
MovieManMenzel,Cluster 2
MovieZoo,Cluster 2
Mr Parker,Cluster 4
MrBiddle,Cluster 1
MrDHWong,Cluster 5
MrGKB,Cluster 2
MrPupkin,Cluster 1
Mr_Sensitive,Cluster 5
Muhammad_Rafeeq,Cluster 3
NateWatchesCoolMovies,Cluster 3
Nazi_Fighter_David,Cluster 1
NoArrow,Cluster 1
OMTR,Cluster 4
Offworld_Colony,Cluster 3
Okonh0wp,Cluster 3
Old Joe,Cluster 1
OllieSuave-007,Cluster 5
OriginalMovieBuff21,Cluster 1
Otoboke,Cluster 1
OttoVonB,Cluster 5
Ozzy2000,Cluster 2
PIST-OFF,Cluster 4
PartialMovieViewer,Cluster 5
PassPopcorn,Cluster 3
PatrynXX,Cluster 5
Pavel-8,Cluster 1
Peach-2,Cluster 1
Pedro_H,Cluster 5
PersianPlaya408,Cluster 1
PetarNeo,Cluster 1
Petey-10,Cluster 3
Philby-3,Cluster 3
PipAndSqueak,Cluster 1
Polaris_DiB,Cluster 2
Pookyiscute,Cluster 5
Pooooh,Cluster 5
Prashast_Singh,Cluster 4
PredragReviews,Cluster 3
Prichards12345,Cluster 5
ProjectAnomaly,Cluster 3
Pukeonthestreet,Cluster 1
Pumpkin_Man,Cluster 3
PyroSikTh,Cluster 1
Quebec_Dragon,Cluster 3
Quicksand,Cluster 3
Quietb-1,Cluster 3
RCWjr,Cluster 2
RIK-22,Cluster 3
RJBurke1942,Cluster 3
RNMorton,Cluster 5
RResende,Cluster 1
RainDogJr,Cluster 3
Rainey-Dawn,Cluster 3
Ramascreen,Cluster 1
Rammstein-2,Cluster 1
RatedVforVinny,Cluster 1
Rectangular_businessman,Cluster 3
Red-125,Cluster 2
Red-Barracuda,Cluster 5
Rendanlovell,Cluster 5
Reno-Rangan,Cluster 1
RevRonster,Cluster 5
RforFilm,Cluster 1
RhapsodyReviews,Cluster 5
Ric-7,Cluster 3
Rich B,Cluster 3
RichardSRussell-1,Cluster 3
Richie-67-485852,Cluster 5
RickHarvey,Cluster 2
Rickting,Cluster 5
Ricky_Roma__,Cluster 1
Rob_Taylor,Cluster 2
Rogue-32,Cluster 3
RossRivero99,Cluster 3
RussHog,Cluster 1
RyanCShowers,Cluster 1
Ryan_MYeah,Cluster 3
SAMTHEBESTEST,Cluster 5
SKG-2,Cluster 2
SMLA11,Cluster 5
SafReviews,Cluster 1
Samiam3,Cluster 3
Sandcooler,Cluster 3
Scarecrow-88,Cluster 3
Scars_Remain,Cluster 1
Screen_Blitz,Cluster 3
SeminolePhenom,Cluster 3
Semisonic,Cluster 5
Seraphion,Cluster 1
Sergeant_Tibbs,Cluster 3
Sfpsycho415,Cluster 5
Shannon-32,Cluster 1
ShelbyTMItchell,Cluster 3
Sherazade,Cluster 3
ShootingShark,Cluster 5
Shyinx,Cluster 5
Silverzero,Cluster 5
SimonJack,Cluster 5
Sirus_the_Virus,Cluster 3
Sleepin_Dragon,Cluster 5
SmileysWorld,Cluster 1
SnakesOnAnAfricanPlain,Cluster 2
Sonatine97,Cluster 5
SonicStuart,Cluster 1
Spanner-2,Cluster 5
Sparrowmaniac,Cluster 5
Spike-Washington,Cluster 3
Spleen,Cluster 1
Spondonman,Cluster 5
Spuzzlightyear,Cluster 1
SquigglyCrunch,Cluster 5
Stampsfightclub,Cluster 2
StanleyStrangelove,Cluster 3
Steffi_P,Cluster 5
StonedMagician,Cluster 3
Superunknovvn,Cluster 3
Sylviastel,Cluster 3
TOMASBBloodhound,Cluster 1
TOMNEL,Cluster 3
Takethispunch,Cluster 3
TalesfromTheCryptfan,Cluster 3
Tcarts76,Cluster 2
TdSmth5,Cluster 5
Tehmeh,Cluster 5
Terryfan,Cluster 3
Thanos_Alfie,Cluster 5
Thanos_Karagioras,Cluster 1
Thats_some_scary_stuff_Reviews,Cluster 3
The Grand Master,Cluster 5
TheBigSick,Cluster 1
TheBlueHairedLawyer,Cluster 3
TheHande,Cluster 1
TheHoodOfSwords,Cluster 5
TheMan3051,Cluster 5
TheMovieMark,Cluster 1
TheNabOwnzz,Cluster 3
TheNorthernMonkee,Cluster 5
TheOneThatYouWanted,Cluster 1
TheSquiss,Cluster 5
TheUnknown837-1,Cluster 2
The_Amazing_Spy_Rises,Cluster 1
The_Core,Cluster 3
The_Film_Cricket,Cluster 5
The_Movie_Cat,Cluster 5
The_Orenda,Cluster 3
The_Void,Cluster 3
The_Wood,Cluster 2
Thrashman88,Cluster 3
TopDawgCritic,Cluster 5
Treyroo,Cluster 5
Troy_Campbell,Cluster 3
Tss5078,Cluster 1
Turfseer,Cluster 5
Tweetienator,Cluster 1
Tyson14,Cluster 1
UniqueParticle,Cluster 3
Uriah43,Cluster 3
Vic_max,Cluster 1
Victor Field,Cluster 1
Vincentiu,Cluster 1
Vivekmaru45,Cluster 5
WalterFrith,Cluster 1
WeAreLive,Cluster 4
Wisesoldierthe6,Cluster 3
Wizard-8,Cluster 1
Woodyanders,Cluster 3
WriterDave,Cluster 3
WubsTheFadger,Cluster 3
Wuchakk,Cluster 1
XRANDY,Cluster 1
XweAponX,Cluster 2
Zbigniew_Krycsiwiki,Cluster 3
Ziya90,Cluster 5
a_chinn,Cluster 3
abcvision,Cluster 3
abisio,Cluster 5
abouhelier-r,Cluster 5
acedj,Cluster 2
achyutaghosh,Cluster 3
aciessi,Cluster 5
ackstasis,Cluster 3
action-6,Cluster 5
adamscastlevania2,Cluster 2
adrongardner,Cluster 3
aesgaard41,Cluster 4
afonsobritofalves,Cluster 5
agmoldham,Cluster 5
aharmas,Cluster 3
aidanratesmovies,Cluster 1
ajs-10,Cluster 2
akash_sebastian,Cluster 3
alainenglish,Cluster 2
alansabljakovic-39044,Cluster 1
alcantaraj-16594,Cluster 5
alexpitt-345-971699,Cluster 3
allanmichael30,Cluster 5
amesmonde,Cluster 1
ametaphysicalshark,Cluster 1
aminifatimaaa,Cluster 5
andrewchristianjr,Cluster 1
andrewnmiller,Cluster 4
andrewroy-04316,Cluster 5
andro-dolic,Cluster 1
andy-227,Cluster 1
anhedonia,Cluster 5
anselmdaniel,Cluster 1
antagonist117,Cluster 3
anthonydapiii,Cluster 5
anton-6,Cluster 5
antoniotierno,Cluster 2
apararas,Cluster 5
aram81,Cluster 5
areatw,Cluster 1
arfdawg-1,Cluster 1
arjunflamingfeather,Cluster 4
arnieiam,Cluster 3
arthera09,Cluster 3
arthur_tafero,Cluster 1
arthurclay,Cluster 1
asda-man,Cluster 3
asifahsankhan,Cluster 1
asocialis,Cluster 2
atinder,Cluster 3
atlasmb,Cluster 2
austin0731,Cluster 5
autisticreviewers,Cluster 1
avik-basu1889,Cluster 5
axismladen,Cluster 2
axlrhodes,Cluster 3
ayoreinf,Cluster 3
badajoz-1,Cluster 3
bandw,Cluster 3
bankofmarquis,Cluster 1
barbagvido,Cluster 1
barberoux,Cluster 2
barnabyrudge,Cluster 3
barrys82,Cluster 3
basilisksamuk,Cluster 2
basrutten,Cluster 5
bat-5,Cluster 5
baumer,Cluster 3
bbewnylorac,Cluster 5
begob,Cluster 5
beresfordjd,Cluster 5
bevo-13678,Cluster 4
bgar-80932,Cluster 5
bheadher,Cluster 5
bhernandez2216,Cluster 1
billcr12,Cluster 2
billion_mucks,Cluster 2
billygoat1071,Cluster 3
bix171,Cluster 5
bkrauser-81-311064,Cluster 1
blackburnj-1,Cluster 3
blacklist-1,Cluster 3
blackmamba99971,Cluster 3
blairgallop7,Cluster 1
blanbrn,Cluster 1
blanche-2,Cluster 1
bluesman-20,Cluster 4
blumdeluxe,Cluster 5
bob-rutzel-1,Cluster 3
bob-the-movie-man,Cluster 5
bobbobwhite,Cluster 1
bobsgrock,Cluster 3
bombersflyup,Cluster 5
bopdog,Cluster 3
braddugg,Cluster 3
bradeybonnell,Cluster 5
brando647,Cluster 1
brankovranjkovic,Cluster 1
bravesfanc,Cluster 5
brchthethird,Cluster 3
breakdownthatfilm-blogspot-com,Cluster 3
brenttraft,Cluster 2
brett-76260,Cluster 5
brian_r_wright,Cluster 2
brianberta,Cluster 3
briancham1994,Cluster 1
bryanbezter,Cluster 3
bryank-04844,Cluster 5
bsinc,Cluster 3
buiger,Cluster 3
burlesonjesse5,Cluster 5
callanvass,Cluster 3
calspers,Cluster 1
carbuff,Cluster 3
cardsrock,Cluster 1
carlos37andre,Cluster 5
casey_choas66,Cluster 1
caseynicholson,Cluster 1
caspian1978,Cluster 1
cat_ranchero,Cluster 3
cchase,Cluster 3
cdjh-81125,Cluster 1
chaos-rampant,Cluster 1
charchuk,Cluster 1
chrichtonsworld,Cluster 1
chrisbrown6453,Cluster 1
christian123,Cluster 1
christophe92300,Cluster 5
christopher-underwood,Cluster 1
christophershobris,Cluster 1
chubarova,Cluster 1
cinematic_aficionado,Cluster 3
cinephile-27690,Cluster 1
ciscokid1970,Cluster 2
classicalsteve,Cluster 3
claudonio,Cluster 2
cleary-joshua,Cluster 5
cliftonofun,Cluster 5
coasterdude44,Cluster 1
cocaine_rodeo,Cluster 1
colewaters,Cluster 1
colinrgeorge,Cluster 2
colonel_green,Cluster 3
come2whereimfrom,Cluster 2
commandercool88,Cluster 3
coreyjdenford,Cluster 1
cosmo_tiger,Cluster 5
cosmorados,Cluster 3
coverme6,Cluster 1
craig-hopton,Cluster 3
critic-22,Cluster 1
cruise01,Cluster 1
ctomvelu1,Cluster 3
ctowyi,Cluster 5
cultfilmfan,Cluster 3
cultfilmfreaksdotcom,Cluster 5
dallasryan,Cluster 5
danielharden,Cluster 5
dar0417,Cluster 5
darth_sidious,Cluster 1
datautisticgamer-74853,Cluster 5
datorsiers2,Cluster 3
dave-mcclain,Cluster 1
davidgee,Cluster 5
davidmvining,Cluster 5
davispittman,Cluster 1
davydteather,Cluster 1
dbborroughs,Cluster 3
dbdumonteil,Cluster 5
dead47548,Cluster 3
deastman_uk,Cluster 5
deatman9,Cluster 2
dee.reid,Cluster 3
deloudelouvain,Cluster 1
denis888,Cluster 1
departed07,Cluster 1
destinylives52,Cluster 1
dfa120374,Cluster 3
dfle3,Cluster 2
diac228,Cluster 1
diane-34,Cluster 1
didi-5,Cluster 1
dierregi,Cluster 5
digitalbeachbum,Cluster 5
dilipbts,Cluster 5
dineshaishu,Cluster 5
dj_xand325,Cluster 1
djfrost-46786,Cluster 5
djurrepower,Cluster 5
dobbin-4,Cluster 2
dockerykelli,Cluster 4
doctorsmoothlove,Cluster 2
dom-lerose-8,Cluster 1
domino1003,Cluster 4
donaldricco,Cluster 5
donuthaters12,Cluster 3
doomedmac,Cluster 5
dpolwatte,Cluster 5
dr_foreman,Cluster 3
dragokin,Cluster 5
drawlife,Cluster 5
dromasca,Cluster 3
droog-56936,Cluster 1
drownnnsoda,Cluster 1
drystyx,Cluster 3
dunmore_ego,Cluster 3
dvc5159,Cluster 3
dworldeater,Cluster 5
dwpollar,Cluster 3
dy158,Cluster 3
e-67102-48412,Cluster 1
eagandersongil,Cluster 1
eamon-hennedy,Cluster 2
eberkerbatur,Cluster 3
ebiros2,Cluster 3
eddie_baggins,Cluster 5
educallejero,Cluster 5
eibon09,Cluster 1
elcopy,Cluster 5
elicopperman,Cluster 1
elliotjeory,Cluster 5
elshikh4,Cluster 2
emasterslake,Cluster 1
emfern13,Cluster 5
eminkl,Cluster 1
emperor_bender,Cluster 3
eric262003,Cluster 3
ericrnolan,Cluster 1
ericstevenson,Cluster 3
ersbel,Cluster 1
ersinkdotcom,Cluster 3
eshwarmail,Cluster 3
esteban1747,Cluster 1
estreet-eva,Cluster 3
etsm92,Cluster 2
evan_harvey,Cluster 5
extravaluejotter,Cluster 5
f-57307,Cluster 5
famousgir1,Cluster 5
fedor8,Cluster 1
fernandoschiavi,Cluster 2
fertilecelluloid,Cluster 3
fil-nik09,Cluster 3
film-critic,Cluster 5
film_riot,Cluster 1
fjhuerta-2,Cluster 2
flingebunt,Cluster 5
fmwongmd,Cluster 1
fntstcplnt,Cluster 5
framptonhollis,Cluster 1
freakfire-1,Cluster 1
freaky_dave,Cluster 2
fredericksmith1952,Cluster 3
freewillyfan,Cluster 1
freshclean-66-318608,Cluster 5
funkyfry,Cluster 3
funtasticfour,Cluster 1
futures-1,Cluster 1
fwomp,Cluster 3
g-96059,Cluster 5
gab-14712,Cluster 5
galahad58-1,Cluster 5
galileo3,Cluster 1
gangstahippie,Cluster 1
garethcrook,Cluster 5
gary-444,Cluster 1
gavin-thelordofthefu-48-460297,Cluster 1
gavinp9,Cluster 5
gazzo-2,Cluster 2
gbheron,Cluster 1
gbill-74877,Cluster 1
gcd70,Cluster 5
gelman@attglobal.net,Cluster 1
generationofswine,Cluster 1
ghost_dog86,Cluster 5
ghostfiendghost,Cluster 3
gigan-92,Cluster 2
gilgongo1980,Cluster 5
glgioia,Cluster 3
gogoschka-1,Cluster 3
gortx,Cluster 1
grahamsj3,Cluster 5
gregeichelberger,Cluster 3
gregsrants,Cluster 5
griffolyon12,Cluster 3
grumpy-3,Cluster 5
gsygsy,Cluster 5
gwnightscream,Cluster 5
h-28658,Cluster 5
hall895,Cluster 2
happy_hangman,Cluster 1
harryplinkett14,Cluster 5
haterofcrap,Cluster 3
headly66,Cluster 5
heisenberg12,Cluster 5
hellraiser7,Cluster 3
helmutty,Cluster 3
helpless_dancer,Cluster 5
hemant_balz,Cluster 2
henry8-3,Cluster 1
hnt_dnl,Cluster 2
honorhorror,Cluster 2
howard.schumann,Cluster 3
hoxjennifer,Cluster 5
hu675,Cluster 1
ianlouisiana,Cluster 2
iguth,Cluster 3
illbebackreviews,Cluster 2
ilovedolby,Cluster 5
imdbbl,Cluster 1
imseeg,Cluster 5
inkblot11,Cluster 1
insomniac_rod,Cluster 1
inspectors71,Cluster 3
intelearts,Cluster 2
invisibleunicornninja,Cluster 5
iohefy-2,Cluster 1
iquine,Cluster 1
isabelle1955,Cluster 1
itamarscomix,Cluster 2
ivo-cobra8,Cluster 5
j-lacerra,Cluster 3
ja_kitty_71,Cluster 2
jackasstrange,Cluster 3
jackgdemoss,Cluster 1
jacobjohntaylor1,Cluster 1
jadavix,Cluster 5
jaddison383,Cluster 2
jadepietro,Cluster 5
jaemiewaters,Cluster 4
jake-law123,Cluster 3
jameslinton-75252,Cluster 5
jamesrupert2014,Cluster 5
jamiedarlow-37510,Cluster 1
japamo,Cluster 3
jaredmobarak,Cluster 3
jaredpahl,Cluster 1
jawneyfloros,Cluster 1
jaws!,Cluster 1
jaybob,Cluster 2
jayjaycee,Cluster 5
jaywolfenstien,Cluster 1
jb_campo,Cluster 5
jburtroald95,Cluster 3
jcbutthead86,Cluster 4
jdkraus,Cluster 3
jellyneckr,Cluster 1
jemps918,Cluster 1
jerekra,Cluster 1
jessegehrig,Cluster 3
jessie-39,Cluster 1
jfgibson73,Cluster 5
jhaggardjr,Cluster 5
jhclues,Cluster 1
jimbo-53-186511,Cluster 5
jldmp1,Cluster 5
jluis1984,Cluster 3
joachimokeefe,Cluster 3
joebloggscity,Cluster 5
joelwatchesmovies,Cluster 1
joestank15,Cluster 1
johnmschofield,Cluster 3
johnnymacbest,Cluster 3
johnnymonsarrat,Cluster 1
johnstonjames,Cluster 3
jon.h.ochiai,Cluster 3
jonnyfendi,Cluster 2
jose-cruz53,Cluster 3
josh_lambert1991,Cluster 5
joshbarton15,Cluster 1
joshuadrake-39480,Cluster 1
joshuadrake-91275,Cluster 1
joshuafagan-64214,Cluster 1
jotix100,Cluster 3
jpintar,Cluster 5
jpschapira,Cluster 1
jrarichards,Cluster 1
jtindahouse,Cluster 1
jts0405,Cluster 1
judywalker2,Cluster 5
julian-mumford,Cluster 5
juliankennedy23,Cluster 2
juneebuggy,Cluster 5
justin-fencsak,Cluster 1
justinwfirestone,Cluster 1
jzappa,Cluster 1
kairingler,Cluster 3
kannibalcorpsegrinder,Cluster 2
karl_consiglio,Cluster 2
kdnor2011,Cluster 2
kechhh,Cluster 1
kenandraf,Cluster 1
kenjha,Cluster 2
kermitkid,Cluster 1
ketgup83,Cluster 3
kevin c,Cluster 5
kevin_crighton,Cluster 2
kgprophet,Cluster 5
khanbaliq2,Cluster 1
kirbylee70-599-526179,Cluster 1
kirk-246,Cluster 1
kjproulx,Cluster 1
kluseba,Cluster 3
krational66,Cluster 5
kriscot-48548,Cluster 3
krocheav,Cluster 5
kuangzao,Cluster 3
kunalkhandwala,Cluster 3
kurciasbezdalas,Cluster 4
kyle-cruse,Cluster 2
kylehaines96,Cluster 3
kylehodgdon,Cluster 3
kz917-1,Cluster 5
l_rawjalaurence,Cluster 5
lagriff05,Cluster 1
lagudafuad,Cluster 5
lambiepie-2,Cluster 1
lark40,Cluster 3
lastliberal-853-253708,Cluster 3
lasttimeisaw,Cluster 5
lavatch,Cluster 1
ldavis-2,Cluster 5
lediscipledessocrates,Cluster 3
leftbanker-1,Cluster 5
len-21,Cluster 2
leonblackwood,Cluster 5
leplatypus,Cluster 3
lewiskendell,Cluster 3
lisafordeay,Cluster 3
loco_73,Cluster 1
lojitsu,Cluster 5
long-ford,Cluster 1
lotus_chief,Cluster 2
louwburger-42312,Cluster 1
lucasversantvoort,Cluster 5
luke-a-mcgowan,Cluster 5
lukem-52760,Cluster 4
mOVIemAN56,Cluster 3
m_madhu,Cluster 2
ma-cortes,Cluster 3
mahmus,Cluster 1
majikstl,Cluster 5
malkane316,Cluster 3
malmsteneino,Cluster 5
manendra-lodhi,Cluster 1
manitobaman81,Cluster 5
marcus_stokes2000,Cluster 1
mardalsfossen01,Cluster 5
mario_c,Cluster 3
mark.waltz,Cluster 3
markgorman,Cluster 3
marmar-69780,Cluster 1
martinrobertson300482,Cluster 5
martymaster,Cluster 2
masonsaul,Cluster 1
mat-mcnaughton-254-33257,Cluster 3
matej-trkanjec-133-920386,Cluster 5
matlefebvre20,Cluster 2
matthewssilverhammer,Cluster 5
mattkratz,Cluster 5
mattymatt4ever,Cluster 5
maurice_yacowar,Cluster 1
mcfly-31,Cluster 1
mcsheehey,Cluster 2
mentalcritic,Cluster 3
mermatt,Cluster 1
mgd_m,Cluster 5
mgruebel,Cluster 5
mhasheider,Cluster 3
mhorg2018,Cluster 5
michael_the_nermal,Cluster 2
michaelradny,Cluster 5
michaeltrivedi,Cluster 5
midas-jacobs,Cluster 1
mikayakatnt,Cluster 1
mike48128,Cluster 3
minister_of_silly_walks,Cluster 1
mirosuionitsaki2,Cluster 2
mistoppi,Cluster 2
mitchell5954,Cluster 5
mitsubishizero,Cluster 1
mjneu59,Cluster 2
mjw2305,Cluster 1
mnpollio,Cluster 1
monstermayhem32,Cluster 5
morganstephens512,Cluster 5
morrison-dylan-fan,Cluster 3
moutonbear25,Cluster 1
movieguy1021,Cluster 5
moviemanMA,Cluster 3
movieman_kev,Cluster 1
moviemattb,Cluster 5
movies2u,Cluster 1
moviesleuth2,Cluster 2
moviewiz-4,Cluster 1
moviewizguy,Cluster 3
moviexclusive,Cluster 3
mr_bickle_the_pickle,Cluster 5
mr_popcorn,Cluster 3
msbreviews,Cluster 1
mstomaso,Cluster 2
muvi-fan-73,Cluster 3
nairtejas,Cluster 5
nancyldraper,Cluster 1
napierslogs,Cluster 2
natashabowiepinky,Cluster 3
native_girl333,Cluster 1
nicholls905-280-546911,Cluster 2
nicholls_les,Cluster 3
nickmesafilms,Cluster 1
nicolechan916,Cluster 3
nmholland,Cluster 3
nobbytatoes,Cluster 3
noralee,Cluster 2
nycritic,Cluster 1
oOoBarracuda,Cluster 3
ofpsmith,Cluster 4
oneflewovertheapocalypse,Cluster 1
oneguyrambling,Cluster 2
oneloveall,Cluster 1
onepotato2,Cluster 1
oscar-35,Cluster 1
oscaralbert,Cluster 1
osj2507,Cluster 5
ozjeppe,Cluster 1
p-jonsson,Cluster 5
p-stepien,Cluster 3
palavitsinis,Cluster 1
patrick_dunne,Cluster 5
paudie,Cluster 2
paul-allaer,Cluster 1
paul2001sw-1,Cluster 5
paul_haakonsen,Cluster 5
paulclaassen,Cluster 5
pc95,Cluster 5
peefyn,Cluster 1
pennyelenabooks,Cluster 5
pere-25366,Cluster 1
perfectbond,Cluster 5
petarmatic,Cluster 5
peterdeluca-14183,Cluster 5
peterp-450-298716,Cluster 5
petra_ste,Cluster 5
pfgpowell-1,Cluster 3
phd_travel,Cluster 5
philip_vanderveken,Cluster 5
philthegreatone-786-63058,Cluster 1
phubbs,Cluster 1
pinkliz41,Cluster 3
pmtelefon,Cluster 5
poe426,Cluster 3
pokemon_trainer_lucas,Cluster 3
policy134,Cluster 3
poolandrews,Cluster 3
popculturethoughts,Cluster 1
powermandan,Cluster 3
proud_luddite,Cluster 5
ptb-8,Cluster 3
punchp,Cluster 3
pyrocitor,Cluster 1
qormi,Cluster 3
questl-18592,Cluster 5
quincytheodore,Cluster 5
quinimdb,Cluster 1
quinnox-1,Cluster 5
r-48240,Cluster 5
r96sk,Cluster 1
rachelrose-87356,Cluster 5
rainking_es,Cluster 5
rajatdahiyax,Cluster 1
rajdoctor,Cluster 2
rannynm,Cluster 3
raphaklopper,Cluster 3
raulfaust,Cluster 2
raypdaley182,Cluster 2
raysond,Cluster 1
rbn_lrk-1,Cluster 4
rbrb,Cluster 3
rbverhoef,Cluster 3
rcolgan,Cluster 2
rebecca-ry,Cluster 3
rebeljenn,Cluster 5
redkiwi,Cluster 5
redryan64,Cluster 3
refresh_daemon,Cluster 3
renegadeviking-271-528568,Cluster 5
revival05,Cluster 2
rgkarim,Cluster 3
richard-1787,Cluster 1
richieandsam,Cluster 3
rivertam26,Cluster 3
robert-710-767167,Cluster 4
robert-temple-1,Cluster 1
robfollower,Cluster 1
robsta23,Cluster 3
rockman182,Cluster 1
roedyg,Cluster 5
ronakkotian,Cluster 1
rooee,Cluster 3
room102,Cluster 5
rooprect,Cluster 5
rosscinema,Cluster 5
rossrobinson,Cluster 4
rparham,Cluster 2
rubenm,Cluster 5
runamokprods,Cluster 3
russem31,Cluster 2
ryan_kuhn,Cluster 1
ryanskywalker-87402,Cluster 2
rzajac,Cluster 3
s3276169,Cluster 1
saadanathan,Cluster 2
saadgkhan,Cluster 2
saarvardi,Cluster 1
sakram,Cluster 1
sam_smithreview,Cluster 2
samyaksambuddha,Cluster 2
sandnair87,Cluster 1
santiagocosme,Cluster 5
saraccan,Cluster 5
sarastro7,Cluster 3
sashank_kini-1,Cluster 3
sauravjoshi85,Cluster 3
saytosandeep,Cluster 3
sbweightman,Cluster 1
scb_coldsteel,Cluster 1
schroeder-gustavo,Cluster 1
scottshak_111,Cluster 5
screenman,Cluster 3
seaview1,Cluster 3
seawalker,Cluster 2
secondtake,Cluster 2
secretzfan,Cluster 1
sergelamarche,Cluster 1
sesht,Cluster 1
shadowman123,Cluster 1
shakercoola,Cluster 5
shanfloyd,Cluster 2
sharky_55,Cluster 1
shawneofthedead,Cluster 5
shiguangmimi,Cluster 5
skepticskeptical,Cluster 2
skybrick736,Cluster 3
slightlymad22,Cluster 1
slokes,Cluster 5
smakawhat,Cluster 5
smatysia,Cluster 1
sme_no_densetsu,Cluster 3
smla02,Cluster 1
socrates99,Cluster 3
socratesadamo,Cluster 1
sol-,Cluster 1
sol1218,Cluster 2
southdavid,Cluster 1
squirrel_burst,Cluster 1
srdjan_veljkovic,Cluster 5
sreeragmeppadath,Cluster 5
sstrunks-05245,Cluster 5
ssvikas,Cluster 3
st-shot,Cluster 2
stamper,Cluster 5
statuskuo,Cluster 5
stefannemanja7,Cluster 1
stensson,Cluster 3
stephendaxter,Cluster 1
sterlinrivera-2000,Cluster 1
stevendbeard,Cluster 5
stevenrotherforth,Cluster 1
stevetseitz,Cluster 2
stonedraim,Cluster 1
stormhawk2020,Cluster 1
strike-1995,Cluster 1
strong-122-478885,Cluster 5
studioAT,Cluster 5
subxerogravity,Cluster 1
sunznc,Cluster 1
supertom-3,Cluster 3
suri_ramneek-2,Cluster 3
swilliky,Cluster 5
t-viktor212,Cluster 2
tadpole-596-918256,Cluster 3
tankace,Cluster 3
tastyhotdogs,Cluster 1
tavm,Cluster 3
taylorkingston,Cluster 1
tbills2,Cluster 2
tburke85,Cluster 2
tdrish,Cluster 3
teddyryan,Cluster 1
teh_mode,Cluster 1
tgchan,Cluster 5
the-movie-guy,Cluster 1
the_Poppuns,Cluster 1
thebrandedswordsman-34028,Cluster 1
thebricks,Cluster 5
theinaniloquent,Cluster 3
thekarmicnomad,Cluster 1
thekyles99,Cluster 2
themadmovieman,Cluster 1
thepriceofpayne,Cluster 1
theshadow908,Cluster 5
thesouthfamily2-552-707097,Cluster 3
theterminator-92378,Cluster 1
thewillt08,Cluster 3
thinker1691,Cluster 3
thomasjay-2201,Cluster 5
tinovalkki,Cluster 5
tjgoalie13,Cluster 1
tnrcooper,Cluster 1
todd2u,Cluster 1
tomimt,Cluster 2
tomrito,Cluster 1
tomsview,Cluster 5
tonypeacock-1,Cluster 5
toqtaqiya2,Cluster 3
trashgang,Cluster 5
tributarystu,Cluster 2
triple8,Cluster 3
troy-manatunga,Cluster 5
troyputland,Cluster 1
trublu215,Cluster 5
truemythmedia,Cluster 5
tubby1,Cluster 5
uds3,Cluster 1
uffe-5,Cluster 1
undeaddt,Cluster 5
utgard14,Cluster 5
vailsy,Cluster 2
valadas,Cluster 5
valleyjohn,Cluster 5
vampyrecowboy,Cluster 2
vengeance20,Cluster 5
videorama-759-859391,Cluster 1
vincentlynch-moonoi,Cluster 3
vip_ebriega,Cluster 2
virek213,Cluster 1
virindra,Cluster 2
vishaal811,Cluster 2
vistheindian,Cluster 5
vitaleralphlouis,Cluster 2
vithiet,Cluster 3
vostf,Cluster 5
waynegavin1,Cluster 1
werefox08,Cluster 3
wereuat06-1,Cluster 5
wes-connors,Cluster 3
westsideschl,Cluster 5
whpratt1,Cluster 1
willcundallreview,Cluster 5
williampsamuel,Cluster 3
winner55,Cluster 2
wisemantonofski,Cluster 5
wisewebwoman,Cluster 1
witster18,Cluster 5
wnterstar,Cluster 1
writers_reign,Cluster 5
wwe7961,Cluster 4
x-54313,Cluster 3
xredgarnetx,Cluster 1
yashrajs536,Cluster 3
yasir619,Cluster 2
yoggwork,Cluster 5
youthandyoungmanhood,Cluster 1
yris2002,Cluster 2
yuzou-45815,Cluster 5
zeekwunlau,Cluster 5
zhidoo,Cluster 1
zhyarTheChosen,Cluster 5
zlx_zjlq,Cluster 5
zzhhhqing,Cluster 1
