username,0
0w0,Cluster 3
10sion,Cluster 3
3xHCCH,Cluster 3
851222,Cluster 3
=G=,Cluster 1
AKS-6,Cluster 3
A_Different_Drummer,Cluster 3
Aaron1375,Cluster 3
AaronCapenBanner,Cluster 3
AbhiMathews,Cluster 3
Agent10,Cluster 1
AhmedSpielberg99,Cluster 3
AirBourne_Bds,Cluster 3
Al_The_Strange,Cluster 3
Alanjackd,Cluster 3
Alexander_Blanchett,Cluster 3
AlsExGal,Cluster 3
Aly200,Cluster 3
AmyJenson1995,Cluster 3
Amyth47,Cluster 3
Andres-Camara,Cluster 3
Andy-296,Cluster 3
Angelus2,Cluster 1
Angeneer,Cluster 3
Angry_Arguer,Cluster 3
Animany94,Cluster 3
AnishMisra,Cluster 3
Anonymous_Maxine,Cluster 1
Antagonisten,Cluster 1
Anurag-Shetty,Cluster 3
Aoi_kdr,Cluster 3
ArchonCinemaReviews,Cluster 3
Argemaluco,Cluster 3
ArtVandelayImporterExporter,Cluster 1
Atreyu_II,Cluster 3
AudioFileZ,Cluster 1
AvidClimber,Cluster 3
BA_Harrison,Cluster 2
Badmoviessuck,Cluster 3
BandSAboutMovies,Cluster 3
Barky44,Cluster 1
Ben_Cheshire,Cluster 3
BeneCumb,Cluster 3
Benjamin-M-Weilert,Cluster 3
Benjamin_Cox,Cluster 1
Bob Pr.,Cluster 3
Bob-45,Cluster 1
Bogmeister,Cluster 3
Bored_Dragon,Cluster 3
BoydudeReviews,Cluster 3
Boyo-2,Cluster 1
Bravesfan17,Cluster 1
BroadswordCallinDannyBoy,Cluster 1
Bruce722,Cluster 3
Buddy-51,Cluster 2
Bunuel1976,Cluster 3
C22Man,Cluster 3
CANpatbuck3664,Cluster 3
CMTiago,Cluster 3
Calicodreamin,Cluster 3
Captain_Couth,Cluster 1
Carycomic,Cluster 3
Catherine_Grace_Zeh,Cluster 1
CelluRob,Cluster 3
Chalice_Of_Evil,Cluster 3
CharltonBoy,Cluster 1
Chris Knipp,Cluster 1
Chris_Docker,Cluster 1
ChristianUnchained,Cluster 3
Christian_Dimartino,Cluster 3
Christopher_Reid,Cluster 1
Chuck-149,Cluster 3
CineCritic2517,Cluster 3
CineMuseFilms,Cluster 3
Cineanalyst,Cluster 3
CinemaSerf,Cluster 1
CinematicInceptions,Cluster 3
Cirene404,Cluster 3
ClaytonDavis,Cluster 3
Cocacolaguy912-2,Cluster 3
Cosmoeticadotcom,Cluster 3
CountZero313,Cluster 3
Coventry,Cluster 3
Coxer99,Cluster 3
CrassActionHero,Cluster 1
Cristi_Ciopron,Cluster 3
CubsandCulture,Cluster 3
CuriosityKilledShawn,Cluster 3
DICK STEEL,Cluster 1
DJAkin,Cluster 1
DKosty123,Cluster 1
Dan1863Sickles,Cluster 1
Danny_G13,Cluster 3
Danusha_Goska,Cluster 1
DareDevilKid,Cluster 3
DarkVulcan29,Cluster 3
Darkside-Reviewer,Cluster 3
DarthBill,Cluster 3
DarthVoorhees,Cluster 1
Darth_Osmosis,Cluster 3
DavidSim240183,Cluster 3
DavidYZ,Cluster 3
David_Frames,Cluster 3
Deckard-16,Cluster 3
DeeNine-2,Cluster 3
Didier-Becu,Cluster 3
Dockelektro,Cluster 3
DonFishies,Cluster 1
Doylenf,Cluster 1
Dr_Coulardeau,Cluster 3
Dragonsouls,Cluster 3
DunnDeeDaGreat,Cluster 1
EUyeshima,Cluster 1
Ed-Shullivan,Cluster 3
Edvis-1997,Cluster 3
EijnarAmadeus,Cluster 1
Electrified_Voltage,Cluster 1
ElijahCSkuggs,Cluster 3
Elswet,Cluster 1
EmmettvanHalm,Cluster 3
EmperorNortonII,Cluster 1
Enchorde,Cluster 1
Endless_01,Cluster 3
Equalizer16,Cluster 3
Eternality,Cluster 3
EthanBJones_03,Cluster 3
Eumenides_0,Cluster 3
EvLauster,Cluster 1
ExpendableMan,Cluster 1
FairlyAnonymous,Cluster 3
FallenEye,Cluster 3
FeastMode,Cluster 1
Fella_shibby,Cluster 3
Fields201,Cluster 3
Figgy66-915-598470,Cluster 3
FilmCriticLalitRao,Cluster 3
FilmFanInTheHouse,Cluster 1
FilmFanatic03,Cluster 3
FilmMan47,Cluster 3
FilmMuscle,Cluster 3
FilmOtaku,Cluster 3
Flagrant-Baronessa,Cluster 1
FlashCallahan,Cluster 3
FlickJunkie-2,Cluster 1
Floated2,Cluster 1
Fluke_Skywalker,Cluster 3
FrankBooth_DeLarge,Cluster 3
GOWBTW,Cluster 3
Galina_movie_fan,Cluster 3
Geeky Randy,Cluster 3
Genti22,Cluster 3
GeorgeRoots,Cluster 3
Gideon24,Cluster 1
GiraffeDoor,Cluster 3
GirishGowda,Cluster 3
Gresh854,Cluster 3
Gubby-Allen,Cluster 3
HelenMary,Cluster 3
Hellmant,Cluster 3
Hey_Sweden,Cluster 1
Hollywood_Yoda,Cluster 1
Horror-yo,Cluster 2
Horst_In_Translation,Cluster 3
HotToastyRag,Cluster 1
Howlin Wolf,Cluster 3
I_Am_The_Taylrus,Cluster 3
I_Love_Spielberg,Cluster 3
Imdbidia,Cluster 3
Indy-52,Cluster 3
InlyCii,Cluster 3
Irishchatter,Cluster 3
Isaac5855,Cluster 1
J_Batek_II,Cluster 3
Jack the Ripper1888,Cluster 1
Jackpollins,Cluster 1
Jacques98,Cluster 3
JakeBrinkman,Cluster 3
JamesHitchcock,Cluster 1
James_De_Bello,Cluster 3
Jared_Andrews,Cluster 3
JayPatton88,Cluster 3
Jay_Exiomo,Cluster 1
JaydoDre,Cluster 3
Jeremy_Urquhart,Cluster 3
Jerghal,Cluster 3
Jerique,Cluster 1
Jithindurden,Cluster 3
Jo_Blo_Movie_Critic,Cluster 3
JoeB131,Cluster 3
JoeKarlosi,Cluster 1
JohnRayPeterson,Cluster 3
Johnny-the-Film-Sentinel-2187,Cluster 3
Jonathon_Natsis,Cluster 3
Jonny_Numb,Cluster 3
JoshtheGiant,Cluster 1
K3nzit,Cluster 3
KUAlum26,Cluster 1
KalKenobi83,Cluster 3
Karl Self,Cluster 2
Kdosda_Hegen,Cluster 3
KeremUlucay,Cluster 3
KnightsofNi11,Cluster 3
Kubris,Cluster 3
L_Copa,Cluster 3
La Gremlin,Cluster 3
Laakbaar,Cluster 3
Lady_Targaryen,Cluster 3
LazySod,Cluster 1
LebowskiT1000,Cluster 3
Lejink,Cluster 3
LeonardKniffel,Cluster 3
Lewis_Heather787,Cluster 3
Likes_Ninjas90,Cluster 3
Lily_hoho,Cluster 3
LivingDog,Cluster 1
LloydBayer,Cluster 3
LoneWolfAndCub,Cluster 1
Luigi Di Pilla,Cluster 3
MBunge,Cluster 3
MCMAYNERBERRY,Cluster 1
MF210,Cluster 3
MGPT80,Cluster 1
MJB784,Cluster 3
MOscarbradley,Cluster 1
MR_Heraclius,Cluster 3
Macleanie,Cluster 3
Majikat76,Cluster 3
Maleplatypus,Cluster 3
Maniac-9,Cluster 3
Manthorpe,Cluster 3
Marc_Israel_365,Cluster 3
MartianOctocretr5,Cluster 1
Marwan-Bob,Cluster 3
Marx_Bros_Fan86,Cluster 3
MattBrady099,Cluster 3
Matt_Layden,Cluster 3
MattyAndAnnika,Cluster 3
MaxBorg89,Cluster 1
MaximumMadness,Cluster 3
Maziun,Cluster 1
Meven_Stoffat,Cluster 3
Michael Kenmore,Cluster 3
MichaelMRamey,Cluster 3
MichaelMargetis,Cluster 1
MickeyTheConstant,Cluster 3
MihaiSorinToma,Cluster 3
Mike_Devine,Cluster 3
MikesIDhasbeentaken,Cluster 3
MissSimonetta,Cluster 3
Mitch-25,Cluster 3
Mnemosyne15,Cluster 3
Monotreme02,Cluster 1
Movie Nuttball,Cluster 1
Movie-12,Cluster 1
MovieAddict2016,Cluster 1
MovieCriticOnline,Cluster 3
MovieGuy109,Cluster 3
MovieManMenzel,Cluster 3
MovieZoo,Cluster 3
Mr-Fusion,Cluster 3
MrDHWong,Cluster 3
MrGKB,Cluster 3
MrPupkin,Cluster 3
Mr_Sensitive,Cluster 1
Muhammad_Rafeeq,Cluster 1
NateWatchesCoolMovies,Cluster 2
Nazi_Fighter_David,Cluster 1
OMTR,Cluster 3
Offworld_Colony,Cluster 3
Okonh0wp,Cluster 1
OllieSuave-007,Cluster 3
OriginalMovieBuff21,Cluster 1
OttoVonB,Cluster 3
Ozzy2000,Cluster 1
PIST-OFF,Cluster 1
PWNYCNY,Cluster 1
PartialMovieViewer,Cluster 3
PassPopcorn,Cluster 3
PatrynXX,Cluster 1
Pavel-8,Cluster 1
Peach-2,Cluster 1
Pedro_H,Cluster 1
PersianPlaya408,Cluster 1
PetarNeo,Cluster 3
Petey-10,Cluster 1
Philby-3,Cluster 1
PipAndSqueak,Cluster 3
Polaris_DiB,Cluster 3
Pooooh,Cluster 3
Prashast_Singh,Cluster 3
PredragReviews,Cluster 3
Prichards12345,Cluster 3
ProjectAnomaly,Cluster 3
Pukeonthestreet,Cluster 3
Pumpkin_Man,Cluster 3
PyroSikTh,Cluster 3
Quebec_Dragon,Cluster 3
Quicksand,Cluster 1
Quietb-1,Cluster 3
RCWjr,Cluster 3
RIK-22,Cluster 3
RJBurke1942,Cluster 3
RNMorton,Cluster 1
RainDogJr,Cluster 1
Rainey-Dawn,Cluster 3
Ramascreen,Cluster 3
Rammstein-2,Cluster 3
RatedVforVinny,Cluster 1
Rectangular_businessman,Cluster 3
Red-125,Cluster 3
Red-Barracuda,Cluster 3
Rendanlovell,Cluster 3
Reno-Rangan,Cluster 3
RevRonster,Cluster 3
RforFilm,Cluster 3
RhapsodyReviews,Cluster 3
Ric-7,Cluster 1
Rich B,Cluster 3
RichardSRussell-1,Cluster 3
Richie-67-485852,Cluster 3
RickHarvey,Cluster 3
Rickting,Cluster 3
Rob_Taylor,Cluster 3
Rogue-32,Cluster 1
RossRivero99,Cluster 3
RussHog,Cluster 3
Ryan_MYeah,Cluster 3
SAMTHEBESTEST,Cluster 3
SKG-2,Cluster 1
SMLA11,Cluster 1
SafReviews,Cluster 3
Samiam3,Cluster 3
Sandcooler,Cluster 1
Scarecrow-88,Cluster 3
Scars_Remain,Cluster 3
Screen_Blitz,Cluster 3
SeminolePhenom,Cluster 1
Semisonic,Cluster 3
Seraphion,Cluster 3
Sergeant_Tibbs,Cluster 3
Sfpsycho415,Cluster 1
ShelbyTMItchell,Cluster 3
Sherazade,Cluster 3
ShootingShark,Cluster 3
Shyinx,Cluster 3
Silverzero,Cluster 3
SimonJack,Cluster 3
Sirus_the_Virus,Cluster 1
Sleepin_Dragon,Cluster 3
SmileysWorld,Cluster 3
SnakesOnAnAfricanPlain,Cluster 3
SonicStuart,Cluster 1
Spanner-2,Cluster 1
Sparrowmaniac,Cluster 3
Spike-Washington,Cluster 3
Spleen,Cluster 3
Spondonman,Cluster 3
Spuzzlightyear,Cluster 1
SquigglyCrunch,Cluster 3
Stampsfightclub,Cluster 3
Steffi_P,Cluster 3
StevePulaski,Cluster 1
StonedMagician,Cluster 3
Superunknovvn,Cluster 1
Sylviastel,Cluster 1
TOMASBBloodhound,Cluster 3
TOMNEL,Cluster 1
Takethispunch,Cluster 3
TalesfromTheCryptfan,Cluster 3
Tcarts76,Cluster 3
TdSmth5,Cluster 3
Tehmeh,Cluster 3
Terryfan,Cluster 3
Thanos_Alfie,Cluster 3
Thanos_Karagioras,Cluster 3
Thats_some_scary_stuff_Reviews,Cluster 1
The Grand Master,Cluster 3
The-Sarkologist,Cluster 3
TheBlueHairedLawyer,Cluster 3
TheHande,Cluster 1
TheHoodOfSwords,Cluster 3
TheMan3051,Cluster 1
TheMovieDiorama,Cluster 3
TheNabOwnzz,Cluster 3
TheNorthernMonkee,Cluster 1
TheOneThatYouWanted,Cluster 3
TheSquiss,Cluster 3
TheUnknown837-1,Cluster 3
The_Amazing_Spy_Rises,Cluster 1
The_Core,Cluster 3
The_Movie_Cat,Cluster 3
The_Orenda,Cluster 1
The_Void,Cluster 1
The_Wood,Cluster 1
Theo Robertson,Cluster 1
ThomasDrufke,Cluster 3
Thrashman88,Cluster 3
TopDawgCritic,Cluster 3
Treyroo,Cluster 3
Troy_Campbell,Cluster 3
Tss5078,Cluster 3
Turfseer,Cluster 3
Tweetienator,Cluster 3
Tyson14,Cluster 3
UniqueParticle,Cluster 1
Uriah43,Cluster 1
Vivekmaru45,Cluster 3
WeAreLive,Cluster 3
Wisesoldierthe6,Cluster 3
Woodyanders,Cluster 3
WriterDave,Cluster 1
WubsTheFadger,Cluster 3
Wuchakk,Cluster 1
XweAponX,Cluster 3
Zbigniew_Krycsiwiki,Cluster 3
Ziya90,Cluster 3
a_chinn,Cluster 3
abcvision,Cluster 3
abouhelier-r,Cluster 3
acedj,Cluster 3
achyutaghosh,Cluster 3
aciessi,Cluster 3
ackstasis,Cluster 3
adamscastlevania2,Cluster 3
adrongardner,Cluster 3
aesgaard41,Cluster 3
afonsobritofalves,Cluster 3
agmoldham,Cluster 3
aharmas,Cluster 3
aidanratesmovies,Cluster 3
ajs-10,Cluster 3
akash_sebastian,Cluster 3
alansabljakovic-39044,Cluster 3
alcantaraj-16594,Cluster 3
alexpitt-345-971699,Cluster 3
alindsay-al,Cluster 3
allanmichael30,Cluster 3
aminifatimaaa,Cluster 3
andrewchristianjr,Cluster 3
andrewnmiller,Cluster 3
andrewroy-04316,Cluster 3
andro-dolic,Cluster 3
anhedonia,Cluster 1
anselmdaniel,Cluster 3
antagonist117,Cluster 3
anthonydapiii,Cluster 3
anton-6,Cluster 1
antoniotierno,Cluster 1
apararas,Cluster 3
aram81,Cluster 3
areatw,Cluster 1
arfdawg-1,Cluster 3
arjunflamingfeather,Cluster 3
arthera09,Cluster 1
arthur_tafero,Cluster 1
arthurclay,Cluster 3
asda-man,Cluster 3
asifahsankhan,Cluster 3
asocialis,Cluster 3
atinder,Cluster 3
atlasmb,Cluster 1
austin0731,Cluster 3
autisticreviewers,Cluster 3
avik-basu1889,Cluster 3
axismladen,Cluster 3
axlrhodes,Cluster 3
ayoreinf,Cluster 3
badajoz-1,Cluster 3
bandw,Cluster 3
bankofmarquis,Cluster 3
barbagvido,Cluster 3
barberoux,Cluster 1
barnabyrudge,Cluster 1
barrys82,Cluster 3
basilisksamuk,Cluster 3
basrutten,Cluster 1
bat-5,Cluster 1
baumer,Cluster 3
bbewnylorac,Cluster 3
begob,Cluster 3
beresfordjd,Cluster 1
bevo-13678,Cluster 1
bgar-80932,Cluster 3
bheadher,Cluster 3
bhernandez2216,Cluster 3
billcr12,Cluster 3
billion_mucks,Cluster 1
billygoat1071,Cluster 3
bix171,Cluster 3
bkoganbing,Cluster 1
bkrauser-81-311064,Cluster 3
blackburnj-1,Cluster 3
blacklist-1,Cluster 3
blackmamba99971,Cluster 3
blairgallop7,Cluster 1
blanbrn,Cluster 3
blanche-2,Cluster 1
bluesman-20,Cluster 3
blumdeluxe,Cluster 3
bob-rutzel-1,Cluster 3
bob-the-movie-man,Cluster 3
bobbobwhite,Cluster 3
bobsgrock,Cluster 1
bombersflyup,Cluster 1
bopdog,Cluster 1
bowmanblue,Cluster 3
braddugg,Cluster 3
bradeybonnell,Cluster 3
brando647,Cluster 3
brankovranjkovic,Cluster 3
bravesfanc,Cluster 3
brchthethird,Cluster 3
breakdownthatfilm-blogspot-com,Cluster 3
brenttraft,Cluster 1
brett-76260,Cluster 1
brian_r_wright,Cluster 1
brianberta,Cluster 3
bryanbezter,Cluster 3
bryank-04844,Cluster 3
bsinc,Cluster 3
buiger,Cluster 1
burlesonjesse5,Cluster 3
callanvass,Cluster 1
calspers,Cluster 3
capone666,Cluster 3
carbuff,Cluster 3
cardsrock,Cluster 3
carlos37andre,Cluster 3
caseynicholson,Cluster 3
caspian1978,Cluster 1
cat_ranchero,Cluster 3
cdjh-81125,Cluster 3
charchuk,Cluster 1
cherold,Cluster 3
chrichtonsworld,Cluster 3
chrisbrown6453,Cluster 1
christian123,Cluster 1
christophe92300,Cluster 1
christopher-underwood,Cluster 3
christophershobris,Cluster 3
chubarova,Cluster 3
cinematic_aficionado,Cluster 3
cinephile-27690,Cluster 3
ciscokid1970,Cluster 3
classicalsteve,Cluster 3
claudonio,Cluster 3
cleary-joshua,Cluster 3
cliftonofun,Cluster 3
coasterdude44,Cluster 3
colewaters,Cluster 3
colinrgeorge,Cluster 3
colonel_green,Cluster 1
come2whereimfrom,Cluster 1
commandercool88,Cluster 1
coreyjdenford,Cluster 3
cosmo_tiger,Cluster 3
cosmorados,Cluster 3
craig-hopton,Cluster 3
critic-22,Cluster 3
cruise01,Cluster 3
ctowyi,Cluster 3
cultfilmfan,Cluster 1
cultfilmfreaksdotcom,Cluster 3
dallasryan,Cluster 3
danielharden,Cluster 3
dar0417,Cluster 3
datautisticgamer-74853,Cluster 3
datorsiers2,Cluster 3
dave-mcclain,Cluster 3
davideo-2,Cluster 3
davidgee,Cluster 3
davidmvining,Cluster 3
davispittman,Cluster 1
davydteather,Cluster 3
dbborroughs,Cluster 1
dbdumonteil,Cluster 1
dead47548,Cluster 1
deastman_uk,Cluster 3
deatman9,Cluster 3
dee.reid,Cluster 1
deloudelouvain,Cluster 3
denis888,Cluster 3
departed07,Cluster 3
destinylives52,Cluster 3
dfa120374,Cluster 3
dfle3,Cluster 3
dfranzen70,Cluster 1
diac228,Cluster 3
diane-34,Cluster 1
didi-5,Cluster 3
dierregi,Cluster 3
digitalbeachbum,Cluster 3
dilipbts,Cluster 3
dineshaishu,Cluster 3
disdressed12,Cluster 1
dj_xand325,Cluster 1
djfrost-46786,Cluster 3
djurrepower,Cluster 3
dobbin-4,Cluster 1
dockerykelli,Cluster 1
doctorsmoothlove,Cluster 3
domino1003,Cluster 3
donaldricco,Cluster 3
donuthaters12,Cluster 3
doomedmac,Cluster 3
dpolwatte,Cluster 3
dr_foreman,Cluster 3
dragokin,Cluster 3
drawlife,Cluster 3
dromasca,Cluster 2
droog-56936,Cluster 3
drownnnsoda,Cluster 3
drqshadow-reviews,Cluster 3
drystyx,Cluster 3
dunmore_ego,Cluster 1
dvc5159,Cluster 3
dworldeater,Cluster 1
dwpollar,Cluster 3
dy158,Cluster 3
e-67102-48412,Cluster 3
eagandersongil,Cluster 3
eberkerbatur,Cluster 3
ebiros2,Cluster 1
eddie_baggins,Cluster 3
educallejero,Cluster 3
edwagreen,Cluster 1
elcopy,Cluster 3
elicopperman,Cluster 3
elliotjeory,Cluster 3
elshikh4,Cluster 1
emfern13,Cluster 3
eminkl,Cluster 3
emperor_bender,Cluster 3
eric262003,Cluster 1
ericrnolan,Cluster 3
ericstevenson,Cluster 3
ersinkdotcom,Cluster 3
eshwarmail,Cluster 3
esteban1747,Cluster 1
estebangonzalez10,Cluster 3
estreet-eva,Cluster 3
evan_harvey,Cluster 3
extravaluejotter,Cluster 1
f-57307,Cluster 3
fernandoschiavi,Cluster 3
fertilecelluloid,Cluster 1
fil-nik09,Cluster 3
filipemanuelneto,Cluster 1
film_riot,Cluster 3
fjhuerta-2,Cluster 3
fmwongmd,Cluster 3
fntstcplnt,Cluster 3
framptonhollis,Cluster 3
freakfire-1,Cluster 1
freaky_dave,Cluster 3
fredericksmith1952,Cluster 1
freewillyfan,Cluster 3
freshclean-66-318608,Cluster 3
funkyfry,Cluster 1
funtasticfour,Cluster 3
fwomp,Cluster 1
g-96059,Cluster 3
gab-14712,Cluster 3
galahad58-1,Cluster 3
galileo3,Cluster 3
gangstahippie,Cluster 3
garethcrook,Cluster 3
gary-444,Cluster 1
gavin-thelordofthefu-48-460297,Cluster 3
gavinp9,Cluster 3
gazzo-2,Cluster 1
gbheron,Cluster 1
gbill-74877,Cluster 3
gcd70,Cluster 3
gelman@attglobal.net,Cluster 1
generationofswine,Cluster 1
ghost_dog86,Cluster 3
ghostfiendghost,Cluster 3
gigan-92,Cluster 3
gilgongo1980,Cluster 3
gradyharp,Cluster 1
grahamsj3,Cluster 1
gregeichelberger,Cluster 3
gregsrants,Cluster 1
griffolyon12,Cluster 3
grumpy-3,Cluster 3
gsygsy,Cluster 3
gwnightscream,Cluster 3
h-28658,Cluster 3
hall895,Cluster 1
harryplinkett14,Cluster 3
haterofcrap,Cluster 3
headly66,Cluster 1
heisenberg12,Cluster 3
hellraiser7,Cluster 3
helpless_dancer,Cluster 1
hemant_balz,Cluster 1
henry8-3,Cluster 1
hitchcockthelegend,Cluster 1
hnt_dnl,Cluster 3
honorhorror,Cluster 1
howard.schumann,Cluster 3
hoxjennifer,Cluster 3
hu675,Cluster 1
ianlouisiana,Cluster 1
iguth,Cluster 3
illbebackreviews,Cluster 3
ilovedolby,Cluster 1
imseeg,Cluster 3
inkblot11,Cluster 1
insomniac_rod,Cluster 1
intelearts,Cluster 1
invisibleunicornninja,Cluster 3
iohefy-2,Cluster 1
iquine,Cluster 3
ironhorse_iv,Cluster 3
itamarscomix,Cluster 3
ivo-cobra8,Cluster 3
j-lacerra,Cluster 3
ja_kitty_71,Cluster 3
jackasstrange,Cluster 3
jackgdemoss,Cluster 3
jacobjohntaylor1,Cluster 3
jadavix,Cluster 3
jaddison383,Cluster 1
jadepietro,Cluster 3
jaemiewaters,Cluster 3
jake-law123,Cluster 3
jameslinton-75252,Cluster 3
jamesrupert2014,Cluster 3
jamiedarlow-37510,Cluster 3
japamo,Cluster 3
jaredmobarak,Cluster 1
jaredpahl,Cluster 3
jawneyfloros,Cluster 3
jaybob,Cluster 1
jayjaycee,Cluster 3
jb_campo,Cluster 3
jburtroald95,Cluster 3
jcbutthead86,Cluster 3
jdkraus,Cluster 1
jemps918,Cluster 1
jerekra,Cluster 3
jessegehrig,Cluster 1
jessie-39,Cluster 1
jfgibson73,Cluster 3
jhaggardjr,Cluster 1
jhclues,Cluster 1
jimbo-53-186511,Cluster 3
jldmp1,Cluster 3
jluis1984,Cluster 3
joachimokeefe,Cluster 3
joebloggscity,Cluster 3
joelwatchesmovies,Cluster 3
joestank15,Cluster 3
johnmschofield,Cluster 3
johnnyboyz,Cluster 1
johnnymacbest,Cluster 3
johnnymonsarrat,Cluster 1
johnstonjames,Cluster 1
jon.h.ochiai,Cluster 1
jonnyfendi,Cluster 3
jose-cruz53,Cluster 3
josh_lambert1991,Cluster 3
joshbarton15,Cluster 3
joshuadrake-39480,Cluster 3
joshuadrake-91275,Cluster 3
joshuafagan-64214,Cluster 3
jotix100,Cluster 1
jpintar,Cluster 1
jpschapira,Cluster 1
jrarichards,Cluster 3
jtindahouse,Cluster 3
jts0405,Cluster 1
judywalker2,Cluster 3
julian-mumford,Cluster 3
juliankennedy23,Cluster 2
juneebuggy,Cluster 3
justin-fencsak,Cluster 3
justinwfirestone,Cluster 3
jzappa,Cluster 1
kairingler,Cluster 1
kannibalcorpsegrinder,Cluster 3
karl_consiglio,Cluster 3
kdnor2011,Cluster 3
kenandraf,Cluster 1
kenjha,Cluster 1
kermitkid,Cluster 3
ketgup83,Cluster 3
kevin c,Cluster 3
kevin_crighton,Cluster 3
kgprophet,Cluster 3
khanbaliq2,Cluster 3
kirbylee70-599-526179,Cluster 3
kirk-246,Cluster 3
kjproulx,Cluster 3
kluseba,Cluster 3
krational66,Cluster 3
kriscot-48548,Cluster 3
kuangzao,Cluster 3
kunalkhandwala,Cluster 3
kurciasbezdalas,Cluster 1
kyle-cruse,Cluster 3
kylehodgdon,Cluster 3
kz917-1,Cluster 3
l_rawjalaurence,Cluster 3
lagriff05,Cluster 3
lagudafuad,Cluster 3
lambiepie-2,Cluster 1
lark40,Cluster 3
lastliberal,Cluster 1
lastliberal-853-253708,Cluster 3
lasttimeisaw,Cluster 3
ldavis-2,Cluster 1
lediscipledessocrates,Cluster 3
leftbanker-1,Cluster 3
len-21,Cluster 1
leonblackwood,Cluster 3
leplatypus,Cluster 1
lewiskendell,Cluster 3
lisafordeay,Cluster 3
lojitsu,Cluster 3
lotus_chief,Cluster 3
lucasversantvoort,Cluster 3
luke-a-mcgowan,Cluster 3
lukem-52760,Cluster 3
mOVIemAN56,Cluster 1
m_madhu,Cluster 3
ma-cortes,Cluster 1
mahmus,Cluster 3
majikstl,Cluster 3
malkane316,Cluster 3
malmsteneino,Cluster 3
manendra-lodhi,Cluster 3
manitobaman81,Cluster 3
marcus_stokes2000,Cluster 3
mardalsfossen01,Cluster 3
mario_c,Cluster 1
mark.waltz,Cluster 3
markgorman,Cluster 3
marmar-69780,Cluster 3
martinrobertson300482,Cluster 3
masonsaul,Cluster 3
mat-mcnaughton-254-33257,Cluster 3
matej-trkanjec-133-920386,Cluster 3
matlefebvre20,Cluster 3
matthewssilverhammer,Cluster 3
mattkratz,Cluster 3
mattymatt4ever,Cluster 1
maurice_yacowar,Cluster 3
mcsheehey,Cluster 1
meeza,Cluster 1
mentalcritic,Cluster 1
mgd_m,Cluster 3
mgruebel,Cluster 3
mhasheider,Cluster 1
mhorg2018,Cluster 3
michael_the_nermal,Cluster 3
michaelradny,Cluster 3
michaeltrivedi,Cluster 3
midas-jacobs,Cluster 3
miguelneto-74936,Cluster 3
mikayakatnt,Cluster 3
mike48128,Cluster 3
minister_of_silly_walks,Cluster 3
mirosuionitsaki2,Cluster 3
mistoppi,Cluster 3
mitchell5954,Cluster 3
mitsubishizero,Cluster 3
mjneu59,Cluster 3
mjw2305,Cluster 1
mm-39,Cluster 1
mnpollio,Cluster 3
monstermayhem32,Cluster 3
moonspinner55,Cluster 1
morganstephens512,Cluster 3
morrison-dylan-fan,Cluster 3
moutonbear25,Cluster 1
movieguy1021,Cluster 1
moviemanMA,Cluster 3
movieman_kev,Cluster 1
moviemattb,Cluster 1
moviesleuth2,Cluster 1
moviewiz-4,Cluster 3
moviewizguy,Cluster 3
moviexclusive,Cluster 3
mr_bickle_the_pickle,Cluster 3
mr_popcorn,Cluster 1
msbreviews,Cluster 3
mstomaso,Cluster 1
muvi-fan-73,Cluster 3
nairtejas,Cluster 3
nancyldraper,Cluster 3
napierslogs,Cluster 3
natashabowiepinky,Cluster 3
native_girl333,Cluster 1
nicholls905-280-546911,Cluster 3
nicholls_les,Cluster 3
nickmesafilms,Cluster 3
nicolechan916,Cluster 3
nmholland,Cluster 3
nobbytatoes,Cluster 3
nogodnomasters,Cluster 3
noralee,Cluster 1
nycritic,Cluster 1
oOoBarracuda,Cluster 3
ofpsmith,Cluster 3
oneguyrambling,Cluster 1
oneloveall,Cluster 1
onepotato2,Cluster 1
oscaralbert,Cluster 3
osj2507,Cluster 3
ozjeppe,Cluster 1
p-jonsson,Cluster 3
p-stepien,Cluster 3
palavitsinis,Cluster 3
patrick_dunne,Cluster 3
paudie,Cluster 1
paul-allaer,Cluster 3
paul2001sw-1,Cluster 3
paul_haakonsen,Cluster 3
paulclaassen,Cluster 3
pc95,Cluster 3
peefyn,Cluster 3
pennyelenabooks,Cluster 3
pere-25366,Cluster 3
perfectbond,Cluster 3
petarmatic,Cluster 3
peterdeluca-14183,Cluster 3
peterp-450-298716,Cluster 3
petra_ste,Cluster 3
pfgpowell-1,Cluster 3
phd_travel,Cluster 3
philip_vanderveken,Cluster 1
philthegreatone-786-63058,Cluster 3
phubbs,Cluster 1
pinkliz41,Cluster 3
pmtelefon,Cluster 3
poe426,Cluster 3
pokemon_trainer_lucas,Cluster 3
policy134,Cluster 3
poolandrews,Cluster 3
popculturethoughts,Cluster 3
powermandan,Cluster 3
preppy-3,Cluster 3
proud_luddite,Cluster 3
ptb-8,Cluster 1
punchp,Cluster 3
pyrocitor,Cluster 2
questl-18592,Cluster 3
quincytheodore,Cluster 3
quinimdb,Cluster 3
quinnox-1,Cluster 3
r-48240,Cluster 3
r96sk,Cluster 3
rachelrose-87356,Cluster 3
rainking_es,Cluster 1
rajatdahiyax,Cluster 3
rajdoctor,Cluster 1
rannynm,Cluster 3
raphaklopper,Cluster 3
raulfaust,Cluster 3
raypdaley182,Cluster 1
rbn_lrk-1,Cluster 3
rbrb,Cluster 1
rbverhoef,Cluster 3
rcolgan,Cluster 3
rebecca-ry,Cluster 3
rebeljenn,Cluster 3
redkiwi,Cluster 1
redryan64,Cluster 3
refresh_daemon,Cluster 1
renegadeviking-271-528568,Cluster 3
revival05,Cluster 3
rgkarim,Cluster 3
richard-1787,Cluster 1
richieandsam,Cluster 3
rivertam26,Cluster 3
rmax304823,Cluster 1
robert-710-767167,Cluster 3
robert-temple-1,Cluster 3
robfollower,Cluster 3
robsta23,Cluster 3
rockman182,Cluster 3
roedyg,Cluster 3
ronakkotian,Cluster 3
rooee,Cluster 3
room102,Cluster 3
rosscinema,Cluster 1
rossrobinson,Cluster 3
rparham,Cluster 1
rubenm,Cluster 3
runamokprods,Cluster 3
russem31,Cluster 3
ryan_kuhn,Cluster 3
ryanskywalker-87402,Cluster 3
rzajac,Cluster 3
s3276169,Cluster 3
saadanathan,Cluster 3
saadgkhan,Cluster 3
saarvardi,Cluster 1
sakram,Cluster 3
sam_smithreview,Cluster 3
samyaksambuddha,Cluster 3
sandnair87,Cluster 3
santiagocosme,Cluster 3
saraccan,Cluster 3
sarastro7,Cluster 1
sashank_kini-1,Cluster 3
sauravjoshi85,Cluster 3
saytosandeep,Cluster 3
sbweightman,Cluster 3
scb_coldsteel,Cluster 3
schroeder-gustavo,Cluster 3
scottshak_111,Cluster 3
screenman,Cluster 1
sddavis63,Cluster 1
seaview1,Cluster 3
seawalker,Cluster 1
secondtake,Cluster 3
secretzfan,Cluster 3
sergelamarche,Cluster 3
shadowman123,Cluster 3
shakercoola,Cluster 3
shanfloyd,Cluster 1
sharky_55,Cluster 3
shawneofthedead,Cluster 3
shiguangmimi,Cluster 3
siderite,Cluster 3
skepticskeptical,Cluster 3
skybrick736,Cluster 3
slightlymad22,Cluster 1
slokes,Cluster 1
smakawhat,Cluster 3
smatysia,Cluster 1
sme_no_densetsu,Cluster 1
socrates99,Cluster 1
socratesadamo,Cluster 3
sol1218,Cluster 1
southdavid,Cluster 3
squirrel_burst,Cluster 3
srdjan_veljkovic,Cluster 3
sreeragmeppadath,Cluster 3
sstrunks-05245,Cluster 3
ssvikas,Cluster 3
st-shot,Cluster 3
stamper,Cluster 3
statuskuo,Cluster 3
stensson,Cluster 1
stephendaxter,Cluster 3
sterlinrivera-2000,Cluster 1
stevendbeard,Cluster 3
stevenrotherforth,Cluster 3
stevetseitz,Cluster 3
stonedraim,Cluster 3
stormhawk2020,Cluster 3
strike-1995,Cluster 1
strong-122-478885,Cluster 3
studioAT,Cluster 3
subxerogravity,Cluster 3
sunznc,Cluster 3
supertom-3,Cluster 3
suri_ramneek-2,Cluster 3
swilliky,Cluster 3
t-viktor212,Cluster 3
tabuno,Cluster 1
tadpole-596-918256,Cluster 3
tankace,Cluster 3
tastyhotdogs,Cluster 1
tavm,Cluster 3
taylorkingston,Cluster 3
tbills2,Cluster 1
tburke85,Cluster 3
tdrish,Cluster 3
teh_mode,Cluster 1
tgchan,Cluster 3
the-movie-guy,Cluster 1
thebrandedswordsman-34028,Cluster 3
thebricks,Cluster 3
theinaniloquent,Cluster 3
thekarmicnomad,Cluster 3
thekyles99,Cluster 3
themadmovieman,Cluster 3
thepriceofpayne,Cluster 3
theshadow908,Cluster 1
thesouthfamily2-552-707097,Cluster 3
theterminator-92378,Cluster 3
thewillt08,Cluster 3
thinker1691,Cluster 1
thomasjay-2201,Cluster 3
tinovalkki,Cluster 3
tjgoalie13,Cluster 3
tnrcooper,Cluster 1
tomgillespie2002,Cluster 3
tomimt,Cluster 3
tomrito,Cluster 3
tomsview,Cluster 3
tonypeacock-1,Cluster 3
toqtaqiya2,Cluster 3
trashgang,Cluster 3
tributarystu,Cluster 3
triple8,Cluster 1
troy-manatunga,Cluster 3
troyputland,Cluster 3
trublu215,Cluster 3
truemythmedia,Cluster 3
tubby1,Cluster 1
undeaddt,Cluster 3
utgard14,Cluster 3
vailsy,Cluster 3
valadas,Cluster 1
valleyjohn,Cluster 3
vengeance20,Cluster 3
videorama-759-859391,Cluster 3
view_and_review,Cluster 3
vincentlynch-moonoi,Cluster 1
vip_ebriega,Cluster 1
virek213,Cluster 3
virindra,Cluster 3
vishaal811,Cluster 3
vistheindian,Cluster 3
vitaleralphlouis,Cluster 1
vithiet,Cluster 3
vostf,Cluster 3
waynegavin1,Cluster 3
werefox08,Cluster 3
wes-connors,Cluster 1
westsideschl,Cluster 3
whpratt1,Cluster 1
willcundallreview,Cluster 3
williampsamuel,Cluster 3
winner55,Cluster 1
wisemantonofski,Cluster 3
wisewebwoman,Cluster 1
witster18,Cluster 3
writers_reign,Cluster 3
wwe7961,Cluster 3
x-54313,Cluster 3
xredgarnetx,Cluster 1
yashrajs536,Cluster 3
yasir619,Cluster 3
yoggwork,Cluster 3
youthandyoungmanhood,Cluster 3
yuzou-45815,Cluster 3
zeekwunlau,Cluster 3
zetes,Cluster 1
zhyarTheChosen,Cluster 3
zkonedog,Cluster 3
zlx_zjlq,Cluster 3
zzhhhqing,Cluster 3
